{"cameraMode":{"drawMode":0,"name":"Shaded","section":"Shading Mode"},"sceneLighting":true,"audioPlay":false,"sceneViewState":{"m_AlwaysRefresh":false,"showFog":true,"showSkybox":true,"showFlares":true,"showImageEffects":true,"showParticleSystems":true,"showVisualEffectGraphs":true,"m_FxEnabled":true},"in2DMode":false,"pivot":{"x":0.05508953332901001,"y":53.39571762084961,"z":101.22915649414063},"rotation":{"x":-0.4581930637359619,"y":0.41410455107688906,"z":-0.25517892837524416,"w":-0.7441256046295166},"size":4.514840126037598,"orthographic":false}