{"cameraMode":{"drawMode":0,"name":"Shaded","section":"Shading Mode"},"sceneLighting":false,"audioPlay":false,"sceneViewState":{"m_AlwaysRefresh":false,"showFog":true,"showSkybox":false,"showFlares":true,"showImageEffects":true,"showParticleSystems":true,"showVisualEffectGraphs":true,"m_FxEnabled":true},"in2DMode":false,"pivot":{"x":0.4437685012817383,"y":5.866114616394043,"z":0.19246196746826173},"rotation":{"x":0.0370926558971405,"y":0.9472473859786987,"z":-0.06827212125062943,"w":0.3149864673614502},"size":16.623083114624025,"orthographic":false}