{"cameraMode":{"drawMode":0,"name":"Shaded","section":"Shading Mode"},"sceneLighting":false,"audioPlay":false,"sceneViewState":{"m_AlwaysRefresh":false,"showFog":true,"showSkybox":false,"showFlares":true,"showImageEffects":true,"showParticleSystems":true,"showVisualEffectGraphs":true,"m_FxEnabled":true},"in2DMode":false,"pivot":{"x":0.009681463241577149,"y":0.02110469341278076,"z":-0.3054773807525635},"rotation":{"x":-0.08241774886846543,"y":0.13415247201919557,"z":-0.02810521610081196,"w":-0.9883377552032471},"size":2.557612657546997,"orthographic":false}